,precision,recall,f1-score,support
Post-30s,0.7353147671425229,0.6872265966754155,0.7104578858111927,9144.0
Pre-30s,0.7524023894035149,0.7934812380169817,0.7723960184856026,10953.0
accuracy,0.7451360899636762,0.7451360899636762,0.7451360899636762,0.7451360899636762
macro avg,0.7438585782730189,0.7403539173461986,0.7414269521483976,20097.0
weighted avg,0.7446276360595078,0.7451360899636762,0.7442145841832289,20097.0
