,precision,recall,f1-score,support
Post-30s,0.7392656380815692,0.6762582056892779,0.7063596365921947,9140.0
Pre-30s,0.7478698023176551,0.8010404307748471,0.7735425020931564,10957.0
accuracy,0.7442901925660547,0.7442901925660547,0.7442901925660547,0.7442901925660547
macro avg,0.7435677201996121,0.7386493182320625,0.7399510693426756,20097.0
weighted avg,0.7439566779151161,0.7442901925660547,0.7429881213060345,20097.0
